Model,Train Seq Len,Eval Seq Len,Val Acc
GDN,256,256,98.7362802028656
GDN,256,512,98.36187362670898
GDN,256,1024,94.31184530258179
GDN,256,2048,66.80529117584229
KLA,256,256,98.34835529327393
KLA,256,512,98.1629729270935
KLA,256,1024,95.64257860183716
KLA,256,2048,73.84058237075806
Mamba2,256,256,99.07677173614502
Mamba2,256,512,99.02327060699463
Mamba2,256,1024,96.53502106666565
Mamba2,256,2048,64.28638696670532
