Model,Seq Len,Key Len,Test Acc
GDN,256,1,98.72151017189026
KLA,256,1,98.38960766792297
Mamba2,256,1,99.15331602096558
